"page_id","title","path","draft","template","archived","intended_version","marker_target_kind","marker_target_component","marker_target_element","existing_version_marker"
"6a61f3928ced7ce7346c5bde","Location | Executive Acceleration Forum | Pattern UK","/event-eaf-carcassonne-location","true","false","false","v1","Body","6a61f3928ced7ce7346c5bde","6a61f3928ced7ce7346c5be6","no"
"6a61f392630d04d5b655963c","Speakers | Executive Acceleration Forum | Pattern UK","/event-eaf-carcassonne-speakers","true","false","false","v1","Body","6a61f392630d04d5b655963c","6a61f392630d04d5b6559648","no"
"6a61f39122e3e59bfdf3e315","Agenda | Executive Acceleration Forum | Pattern UK","/event-eaf-carcassonne-agenda","true","false","false","v1","Body","6a61f39122e3e59bfdf3e315","6a61f39122e3e59bfdf3e31b","no"
"6a61ed702f07814fc2bd75df","Executive Acceleration Forum | Pattern UK","/event-eaf-carcassonne","false","false","false","v1","Body","6a61ed702f07814fc2bd75df","6a61ed702f07814fc2bd75ee","no"
"6a58ef496540f1e6390f5ff4","EU-UK Google Search","/draft-pages/contact-us2","true","false","false","v1","page_main","6a58ef496540f1e6390f5ff4","59542140-e26f-5f07-966d-8caae8b302cf","no"
"6a567be44cdcb6212dcd2e2f","Authors Template","/authors","false","true","false","v1","Body","6a567be44cdcb6212dcd2e2f","6a567be44cdcb6212dcd2e3d","no"
"6a170d23eee56f95d9da1cdd","Report Files Template","/report-files","false","true","false","v1","page_main","6a170d23eee56f95d9da1cdd","f73e4527-bda7-7770-9eee-37026ab011fb","no"
"6a0e3cc3ba585cc12d1c2f43","Pattern Intelligence","/pattern-intelligence","false","false","false","v2","page_main","6a0e3cc3ba585cc12d1c2f43","bcbd443c-c5d4-240d-6d21-620380abd388","no"
"69f9fe0ba11dd16bf945121e","Content Brief (Form)","/content-brief-form","false","false","false","v1","page_main","69f9fe0ba11dd16bf945121e","9bdc7ca6-a98f-4813-c39d-a59bc0f07591","no"
"69a1ff35f513a082a40559a4","Thank You Pages Template","/thank-you-pages","false","true","false","v1","Body","69a1ff35f513a082a40559a4","69a1ff35f513a082a40559ae","no"
"698232aaaf6c546d560e84e6","Thank You Newsletter","/thank-you-newsletter","false","false","false","v1","page_main","698232aaaf6c546d560e84e6","a6c27095-d494-e3a3-70e4-4730a3bf1453","no"
"69612a8aa88763877a72cda0","DE Brand Protection","/demand-gen/ecommerce-brand-protection-de","false","false","false","v1","page_main","69612a8aa88763877a72cda0","9bdc7ca6-a98f-4813-c39d-a59bc0f07591","no"
"69612a5c0d6b02252c3dc998","DE Advertising Optimisation","/demand-gen/marketplace-optimisation-and-growth-de","false","false","false","v1","page_main","69612a5c0d6b02252c3dc998","9bdc7ca6-a98f-4813-c39d-a59bc0f07591","no"
"69612a3e6ae472723737f2e4","DE Ops and Logistics","/demand-gen/full-service-ops-and-logistics-de","false","false","false","v1","page_main","69612a3e6ae472723737f2e4","9bdc7ca6-a98f-4813-c39d-a59bc0f07591","no"
"69612a186e1a37dc991bffca","DE 3P Marketplace Accelerator","/demand-gen/3p-marketplace-accelerator-de","false","false","false","v1","page_main","69612a186e1a37dc991bffca","9bdc7ca6-a98f-4813-c39d-a59bc0f07591","no"
"695fc91836a85b1aedcd8391","UK Ops and Logistics","/demand-gen/full-service-ops-and-logistics","false","false","false","v1","page_main","695fc91836a85b1aedcd8391","9bdc7ca6-a98f-4813-c39d-a59bc0f07591","no"
"695fc74b7e0cf6fe7dd97bc8","MENA Ops and Logistics","/demand-gen/full-service-ops-and-logistics-mena","false","false","false","v1","page_main","695fc74b7e0cf6fe7dd97bc8","9bdc7ca6-a98f-4813-c39d-a59bc0f07591","no"
"695fba1f91d30409d709b656","MENA Brand Protection","/demand-gen/ecommerce-brand-protection-mena","false","false","false","v1","page_main","695fba1f91d30409d709b656","9bdc7ca6-a98f-4813-c39d-a59bc0f07591","no"
"695fb6ea75dfd9120e206c09","MENA Advertising Optimisation","/demand-gen/marketplace-optimisation-and-growth-mena","false","false","false","v1","page_main","695fb6ea75dfd9120e206c09","9bdc7ca6-a98f-4813-c39d-a59bc0f07591","no"
"695fb4d95a9b752b845d027e","MENA 3P Marketplace Accelerator","/demand-gen/3p-marketplace-accelerator-mena","false","false","false","v1","page_main","695fb4d95a9b752b845d027e","9bdc7ca6-a98f-4813-c39d-a59bc0f07591","no"
"695fa1bde401d55bab3950b8","UK Advertising Optimisation","/demand-gen/marketplace-optimisation-and-growth","false","false","false","v1","page_main","695fa1bde401d55bab3950b8","9bdc7ca6-a98f-4813-c39d-a59bc0f07591","no"
"695f9738e70f036321e4e3d7","UK Brand Protection","/demand-gen/ecommerce-brand-protection","false","false","false","v1","page_main","695f9738e70f036321e4e3d7","9bdc7ca6-a98f-4813-c39d-a59bc0f07591","no"
"694a73f12909f1d7c74466ef","UK 3P Marketplace Accelerator","/demand-gen/3p-marketplace-accelerator","false","false","false","v1","page_main","694a73f12909f1d7c74466ef","9bdc7ca6-a98f-4813-c39d-a59bc0f07591","no"
"6949265dfbcb77cb8e06f629","Brand Protection","/solutions/brand-protection","false","false","false","v1","page_main","6949265dfbcb77cb8e06f629","c7da99b4-0a12-13a2-fdcf-65bdf6b05525","no"
"6913532cf72837fcf5afca2d","Marketplace Performance Center Form","/other-pages/marketplace-performance-center-form","false","false","false","v1","page_main","6913532cf72837fcf5afca2d","116cf7b3-6049-11a3-492c-d097c1eca775","no"
"690ca5cd04c11dfad3473cd1","Marketplace Performance Center","/other-pages/marketplace-performance-center","false","false","false","v1","page_wrap","690ca5cd04c11dfad3473cd1","efda19a5-1d30-58e3-f424-52da59699383","no"
"68e4556449f9fb5e9d872200","Creators","/draft-pages/creators","true","false","false","v1","page_main","68e4556449f9fb5e9d872200","54004d1b-fc17-6b19-c3c5-9d7a26810eeb","no"
"68e4213c287fcc75fd3eb1c8","GEO Scorecard","/solutions/geo-scorecard","false","false","false","v1","page_main","68e4213c287fcc75fd3eb1c8","c7da99b4-0a12-13a2-fdcf-65bdf6b05525","no"
"68e420797f8852b673301ee8","Recovery","/solutions/recovery","false","false","false","v1","page_main","68e420797f8852b673301ee8","c7da99b4-0a12-13a2-fdcf-65bdf6b05525","no"
"68e41cf84216b6677676ec5c","Global Expansion","/solutions/global-expansion","false","false","false","v1","page_main","68e41cf84216b6677676ec5c","c7da99b4-0a12-13a2-fdcf-65bdf6b05525","no"
"68e41bcf29e1593d9fc6de89","Brand Discoverability","/solutions/brand-discoverability","false","false","false","v1","page_main","68e41bcf29e1593d9fc6de89","c7da99b4-0a12-13a2-fdcf-65bdf6b05525","no"
"68e41744fcb7e87213961dea","Content Management Optimisation","/solutions/content-management-optimisation","false","false","false","v1","page_main","68e41744fcb7e87213961dea","c7da99b4-0a12-13a2-fdcf-65bdf6b05525","no"
"68e416d8eaeb34a3716d627d","Solution Pages","/static-template-slug-1759778512877","true","false","false","v1","page_main","68e416d8eaeb34a3716d627d","c7da99b4-0a12-13a2-fdcf-65bdf6b05525","no"
"68e41531274f3df37d379a87","Fulfillment And Logistics","/solutions/fulfillment-and-logistics","false","false","false","v1","page_main","68e41531274f3df37d379a87","54004d1b-fc17-6b19-c3c5-9d7a26810eeb","no"
"68e41174eac0fb64bc624802","Social Commerce","/solutions/social-commerce","false","false","false","v1","page_main","68e41174eac0fb64bc624802","54004d1b-fc17-6b19-c3c5-9d7a26810eeb","no"
"689b3b9bbaf850f5dbd231c6","Amazon Scorecard Offer","/other-pages/amazon-scorecard-offer","false","false","false","v1","page_main","689b3b9bbaf850f5dbd231c6","54004d1b-fc17-6b19-c3c5-9d7a26810eeb","no"
"689b2af65f7d71c316a90134","Contact Us China Accelerator","/other-pages/contact-us-china-accelerator","false","false","false","v1","page_main","689b2af65f7d71c316a90134","9bdc7ca6-a98f-4813-c39d-a59bc0f07591","no"
"684987756493653cc7c5a674","Contact Us TikTok Shop","/other-pages/contact-us-tiktok-shop","false","false","false","v1","page_main","684987756493653cc7c5a674","02a5e64b-249f-d1b5-7f2f-084696f73ab2","no"
"684987756493653cc7c5a673","Case Studies Template","/case-study","false","true","false","v1","page_main","684987756493653cc7c5a673","d8bdf74e-9ede-a2a8-df35-28fc8b9e5412","no"
"684987756493653cc7c5a671","Thank You (TikTok Shop)","/other-pages/thank-you-tiktok-shop","false","false","false","v1","page_main","684987756493653cc7c5a671","39b4aa0b-9ba4-51f9-b720-1e99b363691b","no"
"684987756493653cc7c5a670","Thank You (PXM)","/other-pages/thank-you-pxm","false","false","false","v1","page_main","684987756493653cc7c5a670","577e260a-ac54-75c2-e14a-8dd44e664a3e","no"
"684987756493653cc7c5a629","PXM Content Optimisation Demo (Form)","/other-pages/pxm-content-optimisation-demo","false","false","false","v1","page_main","684987756493653cc7c5a629","aa88d036-7f48-98b4-13b2-841716bda911","no"
"684987756493653cc7c5a604","PXM Syndication Demo (Form)","/other-pages/pxm-syndication-demo","false","false","false","v1","page_main","684987756493653cc7c5a604","b3e3dd51-3b8c-d131-e483-fafd73c5b3d9","no"
"684987756493653cc7c5a603","PXM PIM Demo (Form)","/other-pages/pim-demo","false","false","false","v1","page_main","684987756493653cc7c5a603","9fa9c8c4-32ac-6b5c-6486-33d8a95c03db","no"
"684987756493653cc7c5a602","PXM DAM Demo (Form)","/other-pages/dam-demo","false","false","false","v1","page_main","684987756493653cc7c5a602","20a9c51a-75ae-f896-3160-f7ecba36899b","no"
"684987756493653cc7c5a601","TikTok Shop","/solutions/tiktok-shop","false","false","false","v1","page_main","684987756493653cc7c5a601","54004d1b-fc17-6b19-c3c5-9d7a26810eeb","no"
"684987756493653cc7c5a600","Ads Analysis","/other-pages/ads-analysis","false","false","false","v1","page_main","684987756493653cc7c5a600","7793fe89-c2f8-0569-82ea-a69747944deb","no"
"684987756493653cc7c5a5db","Consumer Support and Assistance","/about/consumer-support-and-assistance","false","false","false","v1","page_main","684987756493653cc7c5a5db","ae221e1d-fd17-6946-ec72-4e70832f893b","no"
"684987756493653cc7c5a5b6","Innovation Hub","/other-pages/innovation-hub","false","false","false","v1","page_main","684987756493653cc7c5a5b6","cc70c464-25a8-a5c1-4d69-7cfbbe27a4b6","no"
"684987756493653cc7c5a599","Form","/static-template-slug-1743258899072","true","false","false","v1","page_main","684987756493653cc7c5a599","1e7df74d-d46e-5da3-b2d1-e36ce0aad701","no"
"684987756493653cc7c5a585","Prep Calculator","/other-pages/prep-calculator","false","false","false","v1","Body","684987756493653cc7c5a585","67dbeee5cfd00c8d348c3789","no"
"684987756493653cc7c5a584","PXM Demo (Form)","/other-pages/pxm-demo","false","false","false","v1","page_main","684987756493653cc7c5a584","9bdc7ca6-a98f-4813-c39d-a59bc0f07591","no"
"684987756493653cc7c5a570","Advertising Technology","/products/advertising-technology","false","false","false","v1","page_main","684987756493653cc7c5a570","54004d1b-fc17-6b19-c3c5-9d7a26810eeb","no"
"684987756493653cc7c5a56f","Videos","/admin/videos","true","false","false","v1","page_main","684987756493653cc7c5a56f","bb36f3b0-7a9c-3a2a-e647-0ef4f291db61","no"
"684987756493653cc7c5a56e","Home Hero Sliders Template","/home-hero-slider","false","true","false","v1","Body","684987756493653cc7c5a56e","67c89c369f978cf5ed027948","no"
"684987756493653cc7c5a56d","Legals Template","/legal","false","true","false","v1","page_main","684987756493653cc7c5a56d","669d504c-6b80-bc2d-c218-0bcea17bb979","no"
"684987756493653cc7c5a56c","Partner Success Stories","/resources/partner-success-stories","false","false","false","v1","page_main","684987756493653cc7c5a56c","721dde55-ebd3-72c6-58e9-809a5147f5ed","no"
"684987756493653cc7c5a56b","Reports","/resources/reports","false","false","false","v1","page_main","684987756493653cc7c5a56b","044ef177-bcf8-b092-9cde-721ef7e6ad84","no"
"684987756493653cc7c5a56a","Newsroom","/about/newsroom","false","false","false","v1","page_main","684987756493653cc7c5a56a","f8c6059b-2c2c-1a00-2281-93433f062aed","no"
"684987756493653cc7c5a569","Webinars & Podcasts","/resources/webinars-and-podcasts","false","false","false","v1","page_main","684987756493653cc7c5a569","426f30c2-bff2-d860-98fd-88877979529c","no"
"684987756493653cc7c5a568","eBooks","/resources/ebooks","false","false","false","v1","page_main","684987756493653cc7c5a568","9ff21988-9eb6-3c4e-5152-e34fb5245df3","no"
"684987756493653cc7c5a567","Blog","/resources/blog","false","false","false","v1","page_main","684987756493653cc7c5a567","e076f862-af51-2fe5-63fc-aaaa8f133400","no"
"684987756493653cc7c5a566","Topics","/resources/topics","false","false","false","v1","page_main","684987756493653cc7c5a566","24294125-462e-9b24-a1fd-ae9ac8cd7b90","no"
"684987756493653cc7c5a565","Webinars & Podcasts Template","/webinar","false","true","false","v1","page_main","684987756493653cc7c5a565","fdb703cc-30c3-5519-7941-b74fd89c947b","no"
"684987756493653cc7c5a564","Reports Template","/reports","false","true","false","v1","page_main","684987756493653cc7c5a564","40bb8536-7712-6783-b051-e4028c6ed073","no"
"684987756493653cc7c5a563","EBooks Template","/ebook","false","true","false","v1","page_main","684987756493653cc7c5a563","75570a4d-6221-1210-0fe8-c0d8f4aa21db","no"
"684987756493653cc7c5a562","Topic Cards Template","/topic-cards","false","true","false","v1","Body","684987756493653cc7c5a562","67bf7ddf3673d4c1f628e398","no"
"684987756493653cc7c5a561","Topics Template","/topics","false","true","false","v1","page_main","684987756493653cc7c5a561","0f9b81b5-2151-c249-6f49-c476a388aecd","no"
"684987756493653cc7c5a55f","Blogs Template","/blog","false","true","false","v1","page_main","684987756493653cc7c5a55f","236fe562-6623-dd81-be73-f5efe9d95c0e","no"
"684987756493653cc7c5a55e","News Template","/news","false","true","false","v1","page_main","684987756493653cc7c5a55e","30f81b7c-11f0-9e79-1cc1-7d674b49e1d3","no"
"684987756493653cc7c5a54a","New Sliders Template","/new-slider","false","true","false","v1","Body","684987756493653cc7c5a54a","67b4e625f4c294f306e88442","no"
"684987756493653cc7c5a549","Logos Template","/logos","false","true","false","v1","Body","684987756493653cc7c5a549","67b4e58a0df5658f7f644988","no"
"684987756493653cc7c5a548","Careers","/about/careers","false","false","false","v1","page_main","684987756493653cc7c5a548","2c615bb0-e460-819e-a112-5108a31a27fe","no"
"684987756493653cc7c5a547","Leaderships Template","/leadership","false","true","false","v1","Body","684987756493653cc7c5a547","67a3cd47970c8b294b0b0a8d","no"
"684987756493653cc7c5a546","Our Story","/about/our-story","false","false","false","v1","page_main","684987756493653cc7c5a546","54004d1b-fc17-6b19-c3c5-9d7a26810e27","no"
"684987756493653cc7c5a545","Leadership","/about/leadership","false","false","false","v1","page_main","684987756493653cc7c5a545","54004d1b-fc17-6b19-c3c5-9d7a26810e27","no"
"684987756493653cc7c5a532","Services","/draft-pages/services","true","false","false","v1","page_main","684987756493653cc7c5a532","4e7928d4-964e-6892-7358-24d9c83c10bc","no"
"684987756493653cc7c5a528","DAM","/products/pxm/dam","false","false","false","v1","page_main","684987756493653cc7c5a528","eafd3aa7-6f0e-6625-f4e9-c680bac7393c","no"
"684987756493653cc7c5a527","PIM","/products/pxm/pim","false","false","false","v1","page_main","684987756493653cc7c5a527","27f5f67e-57b6-a3e7-ffa6-52743a533474","no"
"684987756493653cc7c5a526","Syndication","/products/pxm/syndication","false","false","false","v1","page_main","684987756493653cc7c5a526","f15a5293-4ea7-b369-e6ff-fe4a2945a145","no"
"684987756493653cc7c5a525","Optimisation","/products/pxm/optimisation","false","false","false","v1","page_main","684987756493653cc7c5a525","31064b5b-5b78-7bb7-3853-0a1428b95763","no"
"684987756493653cc7c5a524","PXM","/products/pxm","false","false","false","v1","page_main","684987756493653cc7c5a524","54004d1b-fc17-6b19-c3c5-9d7a26810eeb","no"
"684987756493653cc7c5a521","Middle Mile","/draft-pages/middle-mile","true","false","false","v1","page_main","684987756493653cc7c5a521","54004d1b-fc17-6b19-c3c5-9d7a26810eeb","no"
"684987756493653cc7c5a520","DTC","/products/dtc","false","false","false","v1","page_main","684987756493653cc7c5a520","54004d1b-fc17-6b19-c3c5-9d7a26810eeb","no"
"684987756493653cc7c5a51f","Marketplace Prep","/products/marketplace-prep","false","false","false","v1","page_main","684987756493653cc7c5a51f","54004d1b-fc17-6b19-c3c5-9d7a26810eeb","no"
"684987756493653cc7c5a51e","Marketplace Accelerator China","/products/marketplace-accelerator-china","false","false","false","v1","page_main","684987756493653cc7c5a51e","54004d1b-fc17-6b19-c3c5-9d7a26810eeb","no"
"684987756493653cc7c5a51d","Global Marketplace Accelerator","/products/marketplace-accelerator","false","false","false","v1","page_main","684987756493653cc7c5a51d","54004d1b-fc17-6b19-c3c5-9d7a26810eeb","no"
"684987756493653cc7c5a51b","1P Accelerator","/draft-pages/1p-accelerator","true","false","false","v1","page_main","684987756493653cc7c5a51b","54004d1b-fc17-6b19-c3c5-9d7a26810eeb","no"
"684987756493653cc7c5a51a","Page Template","/static-template-slug-1738602301210","true","false","false","v1","page_main","684987756493653cc7c5a51a","54004d1b-fc17-6b19-c3c5-9d7a26810eeb","no"
"684987756493653cc7c5a519","Software","/software","false","false","false","v1","page_main","684987756493653cc7c5a519","948d29e7-5490-bf47-02fe-98f0bd4f061c","no"
"684987756493653cc7c5a518","Fulfillment","/fulfillment","false","false","false","v1","page_main","684987756493653cc7c5a518","d2a419f8-a905-7062-2da0-6ab077caded9","no"
"684987756493653cc7c5a517","Marketplaces","/marketplaces","false","false","false","v1","page_main","684987756493653cc7c5a517","1830a787-037d-ca02-5be4-35b3395ff755","no"
"684987756493653cc7c5a516","Elements","/admin/elements","true","false","false","v1","page_main","684987756493653cc7c5a516","bb36f3b0-7a9c-3a2a-e647-0ef4f291db61","no"
"684987756493653cc7c5a515","Contact","/contact-us","false","false","false","v1","page_main","684987756493653cc7c5a515","59542140-e26f-5f07-966d-8caae8b302cf","no"
"684987756493653cc7c5a501","Login Portal","/login","false","false","false","v1","page_main","684987756493653cc7c5a501","f8dc4dba-bc1d-5be0-4c92-9e869e343052","no"
"684987756493653cc7c5a4e0","Thank You","/thank-you","false","false","false","v1","page_main","684987756493653cc7c5a4e0","a6c27095-d494-e3a3-70e4-4730a3bf1453","no"
"684987756493653cc7c5a4df","Sections","/admin/sections","true","false","false","v1","page_main","684987756493653cc7c5a4df","bb36f3b0-7a9c-3a2a-e647-0ef4f291db61","no"
"684987756493653cc7c5a4de","Form","/admin/form","true","false","false","v1","page_main","684987756493653cc7c5a4de","bb36f3b0-7a9c-3a2a-e647-0ef4f291db61","no"
"684987756493653cc7c5a4b9","Footer","/admin/footer","true","false","false","v1","page_main","684987756493653cc7c5a4b9","bb36f3b0-7a9c-3a2a-e647-0ef4f291db61","no"
"684987756493653cc7c5a498","Navbar","/admin/navbar","true","false","false","v1","page_main","684987756493653cc7c5a498","bb36f3b0-7a9c-3a2a-e647-0ef4f291db61","no"
"684987756493653cc7c5a47e","Atoms","/admin/atoms","true","false","false","v1","page_main","684987756493653cc7c5a47e","bb36f3b0-7a9c-3a2a-e647-0ef4f291db61","no"
"684987756493653cc7c5a47d","[Admin] Design System","/static-template-slug-1732116839203","true","false","false","v1","page_main","684987756493653cc7c5a47d","bb36f3b0-7a9c-3a2a-e647-0ef4f291db61","no"
"684987756493653cc7c5a47b","404","/404","false","false","false","v1","page_main","684987756493653cc7c5a47b","2dec5894-4b8c-293f-caa5-ca0f24880d5c","no"
"684987756493653cc7c5a44f","Password","/401","false","false","false","v1","page_wrap","684987756493653cc7c5a44f","288a739a-1a04-a03a-f722-a31710cf668c","no"
"684987756493653cc7c5a42f","Styleguide","/admin/styleguide","true","false","false","v1","page_main","684987756493653cc7c5a42f","08307316-41c0-4beb-5747-3895255ffe12","no"
"684987756493653cc7c5a402","Home","/","false","false","false","v1","page_main","684987756493653cc7c5a402","e8d34242-3b7e-c527-7e31-64e21a13b267","no"

